Area,Key_Insight
Overall Sales,Total revenue was approximately ₹999.05M with profit of approximately ₹158.36M.
Year-over-Year,"Revenue remained almost stable from 2024 to 2025, while profit declined slightly."
Customer Analysis,Repeat customers represented almost the entire customer base and revenue.
Category Performance,Electronics generated the highest revenue and profit.
Product Performance,"Laptop was the highest-revenue product, while Vacuum Cleaner had one of the strongest profit margins."
Location Performance,Ahmedabad generated the highest revenue among the analyzed locations.
Order Channel,Online orders generated substantially more revenue than Store orders.
Returns,Overall return rate was approximately 5.92%; Furniture had the highest category return rate.
Discounts,Higher discount bands were associated with lower profit margins.
