Location,Total_Orders,Units_Sold,Revenue,Profit,Profit_Margin
Ahmedabad,5216,9021,104488770.45,17042741.03,16.31059582441474
Bengaluru,4889,8401,98006580.96,15591529.03,15.908655191597248
Chennai,5031,8661,97948269.27,15653951.13,15.981855776184254
Delhi,4923,8484,101095271.61,15726081.41,15.555704198181738
Hyderabad,5056,8663,99788833.65,16133128.57,16.167268400576198
Jaipur,4860,8210,92980511.73,14912550.93,16.038361859422302
Kolkata,4985,8723,100783283.3,15278586.31,15.159841800867389
Mumbai,4985,8550,99638788.32,15540076.79,15.596412854892893
Pune,4999,8680,102797020.25,16344089.87,15.899380964790172
Surat,5056,8692,101518659.56,16139115.12,15.897683430760223
