Year,Month,Month_Name,Total_Orders,Units_Sold,Revenue,Profit,Profit_Margin,Month_Date
2024,1,January,2161,3738,41568799.24,6546258.51,15.748009636277382,2024-01-01
2024,2,February,2072,3521,42067557.96,6549946.08,15.570064908992402,2024-02-01
2024,3,March,2097,3476,38422580.28,6003187.99,15.62411463845603,2024-03-01
2024,4,April,2164,3748,41718683.59,6748375.35,16.175906738384214,2024-04-01
2024,5,May,2074,3637,42550983.48,6758245.3,15.882700580061893,2024-05-01
2024,6,June,2091,3696,42512617.73,6842951.26,16.096282998755722,2024-06-01
2024,7,July,2045,3543,43360426.47,7145226.16,16.478680542830006,2024-07-01
2024,8,August,2216,3822,43676783.23,6782856.71,15.52966177541459,2024-08-01
2024,9,September,2020,3443,40617553.73,6396372.37,15.747803061994006,2024-09-01
2024,10,October,2098,3648,41006190.21,6472261.61,15.783620904196164,2024-10-01
2024,11,November,1987,3405,37954762.21,6195008.44,16.322084711593295,2024-11-01
2024,12,December,2141,3618,44499541.43,7102615.03,15.961097129894627,2024-12-01
2025,1,January,2083,3727,43388273.98,6851451.16,15.791020318434896,2025-01-01
2025,2,February,1842,3233,35982095.48,5702012.96,15.846806262768553,2025-02-01
2025,3,March,2135,3595,41948491.69,6673037.87,15.907694415603435,2025-03-01
2025,4,April,2027,3509,43123129.95,6916968.61,16.04004305350753,2025-04-01
2025,5,May,2135,3605,41448262.04,6383348.84,15.400763568421022,2025-05-01
2025,6,June,2047,3514,41670700.26,6707209.25,16.095744031540306,2025-06-01
2025,7,July,2196,3788,46513592.92,7389065.68,15.885820071368503,2025-07-01
2025,8,August,2121,3607,42263836.15,6706646.64,15.86852318894389,2025-08-01
2025,9,September,1992,3484,39240817.83,6211459.68,15.8290780454919,2025-09-01
2025,10,October,2098,3622,40461392.5,6263088.49,15.479171879712247,2025-10-01
2025,11,November,2095,3595,42080528.38,6572243.28,15.618252747804492,2025-11-01
2025,12,December,2063,3511,40968388.36,6442012.92,15.724350353722336,2025-12-01
