Product_ID,Product_Name,Category,Total_Orders,Returned_Orders,Revenue,Returned_Revenue,Returned_Profit,Return_Rate
P001,Laptop,Electronics,2439,155,248201568.63,16795620.74,-839781.06,6.355063550635506
P002,Smartphone,Electronics,2532,132,111368799.18,6364901.09,-318245.06999999995,5.213270142180095
P003,Headphones,Electronics,2543,170,17820151.24,1183788.27,-59189.42999999999,6.685017695635078
P004,Smartwatch,Electronics,2493,148,27165103.8,1622480.8199999998,-81124.07,5.9366225431207384
P005,Office Chair,Furniture,2487,152,37305975.33,2275042.99,-113752.08,6.11178126256534
P006,Desk,Furniture,2392,141,44515471.61,2698904.7,-134945.23,5.894648829431438
P007,Backpack,Accessories,2509,128,8673666.9,453892.71,-22694.620000000003,5.1016341171781585
P008,Running Shoes,Fashion,2510,123,16377992.23,787431.6,-39371.63,4.900398406374502
P009,T-Shirt,Fashion,2417,149,4540426.75,277835.08999999997,-13891.75,6.164666942490691
P010,Coffee Maker,Home,2588,178,22029364.67,1617532.65,-80876.60999999999,6.87789799072643
P011,Mixer Grinder,Home,2518,148,19147775.53,1172589.3599999999,-58629.47,5.877680698967434
P012,Air Fryer,Home,2444,110,27431242.62,1157032.4699999997,-57851.67999999999,4.500818330605565
P013,Monitor,Electronics,2625,162,74010938.09,4329062.77,-216453.13999999998,6.171428571428572
P014,Keyboard,Electronics,2498,158,9662273.12,651950.76,-32597.579999999998,6.325060048038431
P015,Dining Table,Furniture,2555,186,89112666.1,6537709.5600000005,-326885.57999999996,7.279843444227006
P016,Sofa,Furniture,2495,162,133556675.07,9059720.469999999,-452986.03,6.492985971943888
P017,Jeans,Fashion,2448,152,10774950.24,695034.54,-34751.78,6.209150326797386
P018,Jacket,Fashion,2495,143,20143909.39,1209057.08,-60452.84000000001,5.731462925851703
P019,Vacuum Cleaner,Home,2556,118,36068368.99,1677203.0899999999,-83860.13999999998,4.616588419405321
P020,Microwave,Home,2456,144,41138669.61,2514113.04,-125705.64,5.863192182410423
