Product_ID,Product_Name,Category,Total_Orders,Units_Sold,Revenue,Profit,Profit_Margin
P001,Laptop,Electronics,2439,4208,248201568.63,39354395.82,15.855820749733674
P002,Smartphone,Electronics,2532,4383,111368799.18,17829918.58,16.009796919137433
P003,Headphones,Electronics,2543,4376,17820151.24,2815387.48,15.798897787581293
P004,Smartwatch,Electronics,2493,4285,27165103.8,4347742.76,16.00488182194982
P005,Office Chair,Furniture,2487,4319,37305975.33,5926236.68,15.885489194634065
P006,Desk,Furniture,2392,4092,44515471.61,6975636.31,15.670139072351164
P007,Backpack,Accessories,2509,4353,8673666.9,1399135.12,16.13083758150777
P008,Running Shoes,Fashion,2510,4323,16377992.23,2683392.0,16.38413281870265
P009,T-Shirt,Fashion,2417,4167,4540426.75,707358.61,15.579121720221561
P010,Coffee Maker,Home,2588,4411,22029364.67,3474293.34,15.771191734509515
P011,Mixer Grinder,Home,2518,4408,19147775.53,3060704.54,15.984648113325777
P012,Air Fryer,Home,2444,4209,27431242.62,4475668.22,16.315951420796406
P013,Monitor,Electronics,2625,4528,74010938.09,11820908.2,15.971839440307248
P014,Keyboard,Electronics,2498,4266,9662273.12,1527570.34,15.809637349601232
P015,Dining Table,Furniture,2555,4472,89112666.1,13750934.209999999,15.430953658786335
P016,Sofa,Furniture,2495,4206,133556675.07,20805432.66,15.57798039603443
P017,Jeans,Fashion,2448,4254,10774950.24,1689093.33,15.676112579430344
P018,Jacket,Fashion,2495,4276,20143909.39,3252205.87,16.144859505843915
P019,Vacuum Cleaner,Home,2556,4428,36068368.99,5916799.69,16.404400464130884
P020,Microwave,Home,2456,4121,41138669.61,6549036.43,15.919417161725761
